Sentiment,Avg_Likes,Avg_Retweets
Neutral,81.93939393939394,24.939393939393938
Positive,78.1842105263158,30.5
Negative,72.89655172413794,23.620689655172413
