AgeGroup,Avg_Likes,Avg_Retweets
Senior,79.74074074074075,27.833333333333332
Adult,75.90243902439025,25.585365853658537
Teen,74.2,23.0
